case_number,column_1,column_2,column_3,column_4,column_5,column_6,column_7,column_8,column_9,column_10,column_11,column_12,column_13,column_14,column_15,column_16,column_17,column_18,column_19,column_20,column_21,column_22,column_23,column_24,column_25,column_26,column_27,column_28,column_29,column_30,column_31,column_32,column_33,column_34,column_35,column_36,column_37,column_38,column_39,column_40,column_41,column_42,column_43,column_44,column_45,column_46,column_47,column_48,column_49,column_50,column_51,column_52,column_53,column_54,column_55,column_56,column_57,column_58,column_59,column_60,column_61,column_62,column_63,column_64,column_65,column_66,column_67,column_68,column_69,column_70,column_71,column_72,column_73,column_74,column_75,column_76,column_77,column_78,column_79,column_80,column_81,column_82,column_83,column_84,column_85,column_86,column_87,column_88,column_89,column_90
1,value3,value3,value2,value3,value1,value3,,,value3,,value1,value2,value3,,,value3,value3,value1,,value3,value3,,value2,,value3,value3,value3,value3,,,value1,value3,,value1,value2,,value2,value1,value3,value2,,value2,value1,value3,value1,,value2,value3,value3,value2,value2,,value2,value1,value3,,value1,value3,value3,,value2,value1,,value1,,,value1,value3,value1,value1,,value1,value2,,,,,value2,value1,value1,,,value2,value3,value3,value2,value3,value3,value1,value3
2,value1,value1,value2,value1,,value3,,,,,value3,value2,value2,value1,,value1,value2,value2,value2,,value1,value2,value3,,,value1,value1,value1,value2,value2,,,,,value2,value2,value2,value2,value2,value2,value1,value2,value2,,value3,,value1,value1,value3,value3,value2,value1,value1,value3,value2,value3,,value3,value1,value2,,value3,value1,value2,value3,value2,,,value1,,value1,value1,,value2,value3,value1,value3,value2,value1,value1,value3,value1,value3,,value3,value3,value2,value2,,value2
3,value3,,,value3,value3,value1,,,value3,value2,value1,value1,value1,value1,,value1,value1,value3,value1,value2,value2,value2,value2,value2,,value3,value1,value1,value1,value2,value1,value1,,value3,,value2,value3,value2,,value2,value1,,value3,,,,,value1,value1,value3,value2,value1,,value1,,value3,value1,value2,value1,value1,value3,value2,value3,value1,,value3,value2,value1,,value1,value3,value3,value3,value2,,value2,,value2,value2,value1,,value2,,value1,value3,value3,,value3,value1,value3
4,,value2,,value2,,value3,value2,value3,value1,value2,value1,value3,value2,,,,,value1,,value2,value2,value1,,value2,,value3,value2,value1,value3,,value3,value2,value1,value2,value2,value1,value2,value1,value1,value2,value2,,value2,value2,value3,value1,value3,,,value3,value1,,value1,value1,value2,value3,value2,value2,value3,value3,value1,value1,,value1,value2,,value3,value1,value2,value3,value3,,,value3,value3,value2,value2,value3,value3,value1,,value3,value3,value1,value3,value3,,value3,value2,value1
5,value1,value3,value3,value1,value1,value3,value2,value1,value3,value2,,value2,value2,value1,,value2,value2,value1,value3,value3,value3,value2,value1,value3,,value2,value3,value1,value2,value2,value1,,value1,value1,value2,value2,value1,,value1,value1,value2,,value1,value1,value3,,value2,value1,value1,value3,value3,value3,value2,,value3,value3,,value3,value3,value2,value2,,value3,value2,value1,,,value3,value2,value1,value2,value1,value1,value1,value1,,value2,,value2,,value2,,value1,value2,value2,,value3,,value3,value3
6,,,,,value2,,,value1,,value2,,value1,value3,,value2,value3,,value1,value1,value2,value1,value1,value1,value1,,value1,,value1,value2,value1,value2,value2,value1,value2,value1,value2,value1,value1,,value2,value2,value2,,value3,value2,value3,value1,,value3,,value2,value2,value3,value1,value2,,value1,,value3,,value3,value3,value3,value2,value2,value3,value1,value1,value1,value1,value2,value3,value3,value1,value3,,,value2,value1,,,,value3,value1,value3,value2,value2,value1,value3,
7,value1,value1,value2,value3,value2,value3,value2,,value2,,value3,,value1,value1,value2,value3,value2,value3,value2,value3,value3,value1,value2,value1,,,value3,value3,value1,value1,,value3,value3,,value3,value2,,value1,value3,value1,,,value2,value3,value3,value3,value2,,,,value2,value2,value2,value2,,value2,,,value1,value3,,,value1,,value1,value2,value3,value3,value1,value3,value3,value1,value2,value1,value1,value2,value2,,,value2,,value1,value3,value3,,value2,value3,,value3,value2
8,value1,value2,,value2,value3,value2,value2,value3,value3,,,value2,value3,value3,,,value3,,value1,value3,value2,value2,,value1,value1,value3,,value1,value2,,value3,,value1,,value1,value1,value2,,,value3,value1,value1,,value3,,value2,value1,value1,value2,,,value1,value3,value1,value1,value2,value2,value1,value2,,value2,value2,value3,,value3,value1,,value3,,,value2,value1,value2,,value3,,value1,value3,value1,,,value2,value1,,value3,value2,value2,value2,,
9,value2,,value1,value1,value1,value1,,value3,value2,value2,value2,value2,value1,value1,,value2,value1,,value3,,value2,value3,value3,value3,value2,value3,value1,value1,value1,value1,value3,value1,value1,value1,value2,value1,value1,value1,value3,value3,value2,value2,value2,,value2,value3,value3,value2,,value2,value1,value1,,,,,,value1,,value1,value3,value2,value3,value2,value2,value2,,,value2,value1,value1,value3,value2,value2,value2,value3,value2,value2,value2,value1,,,,value2,value3,value3,value3,,value3,
